benchmark,query_idx,running_time_sec
JOBLightRanges,0,0.057824
JOBLightRanges,1,0.053476
JOBLightRanges,2,0.082036
JOBLightRanges,3,0.071915
JOBLightRanges,4,0.057359
JOBLightRanges,5,0.069624
JOBLightRanges,6,0.078598
JOBLightRanges,7,0.067738
JOBLightRanges,8,0.055485
JOBLightRanges,9,0.073219
JOBLightRanges,10,0.061624
JOBLightRanges,11,0.072661
JOBLightRanges,12,0.043077
JOBLightRanges,13,0.074470
JOBLightRanges,14,0.073435
JOBLightRanges,15,0.064027
JOBLightRanges,16,0.056377
JOBLightRanges,17,0.054803
JOBLightRanges,18,0.071418
JOBLightRanges,19,0.071987
JOBLightRanges,20,0.067356
JOBLightRanges,21,0.054826
JOBLightRanges,22,0.044542
JOBLightRanges,23,0.064031
JOBLightRanges,24,0.070409
JOBLightRanges,25,0.061610
JOBLightRanges,26,0.048627
JOBLightRanges,27,0.046492
JOBLightRanges,28,0.057012
JOBLightRanges,29,0.070046
JOBLightRanges,30,0.068694
JOBLightRanges,31,0.057104
JOBLightRanges,32,0.056024
JOBLightRanges,33,0.084497
JOBLightRanges,34,0.069735
JOBLightRanges,35,0.070449
JOBLightRanges,36,0.074049
JOBLightRanges,37,0.077737
JOBLightRanges,38,0.077718
JOBLightRanges,39,0.073187
JOBLightRanges,40,0.073135
JOBLightRanges,41,0.063079
JOBLightRanges,42,0.069518
JOBLightRanges,43,0.067448
JOBLightRanges,44,0.108370
JOBLightRanges,45,0.069738
JOBLightRanges,46,0.045490
JOBLightRanges,47,0.073478
JOBLightRanges,48,0.088773
JOBLightRanges,49,0.042040
JOBLightRanges,50,0.042798
JOBLightRanges,51,0.070708
JOBLightRanges,52,0.047933
JOBLightRanges,53,0.055642
JOBLightRanges,54,0.066451
JOBLightRanges,55,0.066900
JOBLightRanges,56,0.062768
JOBLightRanges,57,0.054353
JOBLightRanges,58,0.059163
JOBLightRanges,59,0.066353
JOBLightRanges,60,0.057482
JOBLightRanges,61,0.068512
JOBLightRanges,62,0.074517
JOBLightRanges,63,0.064270
JOBLightRanges,64,0.055460
JOBLightRanges,65,0.078586
JOBLightRanges,66,0.068385
JOBLightRanges,67,0.085919
JOBLightRanges,68,0.064534
JOBLightRanges,69,0.054980
JOBLightRanges,70,0.085783
JOBLightRanges,71,0.090967
JOBLightRanges,72,0.059737
JOBLightRanges,73,0.066138
JOBLightRanges,74,0.065732
JOBLightRanges,75,0.069492
JOBLightRanges,76,0.057262
JOBLightRanges,77,0.068909
JOBLightRanges,78,0.087519
JOBLightRanges,79,0.056729
JOBLightRanges,80,0.084651
JOBLightRanges,81,0.054178
JOBLightRanges,82,0.049616
JOBLightRanges,83,0.075395
JOBLightRanges,84,0.052631
JOBLightRanges,85,0.052724
JOBLightRanges,86,0.062093
JOBLightRanges,87,0.064776
JOBLightRanges,88,0.057129
JOBLightRanges,89,0.079644
JOBLightRanges,90,0.057128
JOBLightRanges,91,0.050688
JOBLightRanges,92,0.085335
JOBLightRanges,93,0.067035
JOBLightRanges,94,0.071692
JOBLightRanges,95,0.088610
JOBLightRanges,96,0.057538
JOBLightRanges,97,0.062345
JOBLightRanges,98,0.092768
JOBLightRanges,99,0.056302
JOBLightRanges,100,0.058993
JOBLightRanges,101,0.062223
JOBLightRanges,102,0.061504
JOBLightRanges,103,0.092283
JOBLightRanges,104,0.059675
JOBLightRanges,105,0.051665
JOBLightRanges,106,0.094160
JOBLightRanges,107,0.053665
JOBLightRanges,108,0.065442
JOBLightRanges,109,0.076847
JOBLightRanges,110,0.076636
JOBLightRanges,111,0.081684
JOBLightRanges,112,0.066303
JOBLightRanges,113,0.115207
JOBLightRanges,114,0.053452
JOBLightRanges,115,0.068075
JOBLightRanges,116,0.063450
JOBLightRanges,117,0.095548
JOBLightRanges,118,0.123651
JOBLightRanges,119,0.032534
JOBLightRanges,120,0.061692
JOBLightRanges,121,0.083896
JOBLightRanges,122,0.068935
JOBLightRanges,123,0.132175
JOBLightRanges,124,0.061927
JOBLightRanges,125,0.078046
JOBLightRanges,126,0.056131
JOBLightRanges,127,0.058594
JOBLightRanges,128,0.064956
JOBLightRanges,129,0.212908
JOBLightRanges,130,0.031334
JOBLightRanges,131,0.137994
JOBLightRanges,132,0.056657
JOBLightRanges,133,0.099217
JOBLightRanges,134,0.118887
JOBLightRanges,135,0.097679
JOBLightRanges,136,0.082194
JOBLightRanges,137,0.053144
JOBLightRanges,138,0.864372
JOBLightRanges,139,0.057505
JOBLightRanges,140,0.098930
JOBLightRanges,141,0.118666
JOBLightRanges,142,0.079482
JOBLightRanges,143,0.061332
JOBLightRanges,144,0.044617
JOBLightRanges,145,0.073404
JOBLightRanges,146,0.048673
JOBLightRanges,147,0.091521
JOBLightRanges,148,0.062119
JOBLightRanges,149,0.060202
JOBLightRanges,150,0.102051
JOBLightRanges,151,0.079130
JOBLightRanges,152,0.063454
JOBLightRanges,153,0.055601
JOBLightRanges,154,0.049028
JOBLightRanges,155,0.052194
JOBLightRanges,156,0.065032
JOBLightRanges,157,0.113473
JOBLightRanges,158,0.058327
JOBLightRanges,159,0.053450
JOBLightRanges,160,0.126143
JOBLightRanges,161,0.068539
JOBLightRanges,162,0.137180
JOBLightRanges,163,0.052358
JOBLightRanges,164,0.064461
JOBLightRanges,165,0.054773
JOBLightRanges,166,0.041101
JOBLightRanges,167,0.068094
JOBLightRanges,168,0.048911
JOBLightRanges,169,0.056170
JOBLightRanges,170,0.076952
JOBLightRanges,171,0.087204
JOBLightRanges,172,0.093695
JOBLightRanges,173,0.062996
JOBLightRanges,174,0.055589
JOBLightRanges,175,0.056157
JOBLightRanges,176,0.085888
JOBLightRanges,177,0.059553
JOBLightRanges,178,0.052877
JOBLightRanges,179,0.064372
JOBLightRanges,180,0.065008
JOBLightRanges,181,0.077144
JOBLightRanges,182,0.055343
JOBLightRanges,183,0.033592
JOBLightRanges,184,0.063430
JOBLightRanges,185,0.054696
JOBLightRanges,186,0.047621
JOBLightRanges,187,0.051073
JOBLightRanges,188,0.070646
JOBLightRanges,189,0.071333
JOBLightRanges,190,0.080324
JOBLightRanges,191,0.064717
JOBLightRanges,192,0.098975
JOBLightRanges,193,0.053177
JOBLightRanges,194,0.058239
JOBLightRanges,195,0.052402
JOBLightRanges,196,0.047368
JOBLightRanges,197,0.051752
JOBLightRanges,198,0.051445
JOBLightRanges,199,0.066592
JOBLightRanges,200,0.081264
JOBLightRanges,201,0.059170
JOBLightRanges,202,0.074473
JOBLightRanges,203,0.054080
JOBLightRanges,204,0.060448
JOBLightRanges,205,0.071934
JOBLightRanges,206,0.073081
JOBLightRanges,207,0.086310
JOBLightRanges,208,0.042943
JOBLightRanges,209,0.074619
JOBLightRanges,210,0.065583
JOBLightRanges,211,0.079190
JOBLightRanges,212,0.068334
JOBLightRanges,213,0.057976
JOBLightRanges,214,0.054520
JOBLightRanges,215,0.056597
JOBLightRanges,216,0.083295
JOBLightRanges,217,0.065391
JOBLightRanges,218,0.071661
JOBLightRanges,219,0.058312
JOBLightRanges,220,0.084521
JOBLightRanges,221,0.136441
JOBLightRanges,222,0.051646
JOBLightRanges,223,0.092437
JOBLightRanges,224,0.072109
JOBLightRanges,225,0.144644
JOBLightRanges,226,0.050730
JOBLightRanges,227,0.047241
JOBLightRanges,228,0.089015
JOBLightRanges,229,0.065623
JOBLightRanges,230,0.184335
JOBLightRanges,231,0.179592
JOBLightRanges,232,0.073838
JOBLightRanges,233,0.070696
JOBLightRanges,234,0.066045
JOBLightRanges,235,0.057024
JOBLightRanges,236,0.073612
JOBLightRanges,237,0.053284
JOBLightRanges,238,0.252294
JOBLightRanges,239,0.058075
JOBLightRanges,240,0.053592
JOBLightRanges,241,0.079173
JOBLightRanges,242,0.117859
JOBLightRanges,243,0.070046
JOBLightRanges,244,0.224053
JOBLightRanges,245,0.070952
JOBLightRanges,246,0.237077
JOBLightRanges,247,0.058027
JOBLightRanges,248,0.085574
JOBLightRanges,249,0.082942
JOBLightRanges,250,0.149640
JOBLightRanges,251,0.167281
JOBLightRanges,252,0.064902
JOBLightRanges,253,0.108908
JOBLightRanges,254,0.225643
JOBLightRanges,255,0.077406
JOBLightRanges,256,0.078975
JOBLightRanges,257,0.133515
JOBLightRanges,258,0.183610
JOBLightRanges,259,0.062185
JOBLightRanges,260,0.208823
JOBLightRanges,261,0.134691
JOBLightRanges,262,0.119206
JOBLightRanges,263,0.161821
JOBLightRanges,264,0.063180
JOBLightRanges,265,0.115891
JOBLightRanges,266,0.072510
JOBLightRanges,267,0.059576
JOBLightRanges,268,0.053903
JOBLightRanges,269,0.047514
JOBLightRanges,270,0.080884
JOBLightRanges,271,0.220744
JOBLightRanges,272,0.075828
JOBLightRanges,273,0.119263
JOBLightRanges,274,0.168295
JOBLightRanges,275,0.257581
JOBLightRanges,276,0.147861
JOBLightRanges,277,0.237273
JOBLightRanges,278,0.075612
JOBLightRanges,279,0.130817
JOBLightRanges,280,0.261680
JOBLightRanges,281,0.111624
JOBLightRanges,282,0.115421
JOBLightRanges,283,0.118340
JOBLightRanges,284,0.329296
JOBLightRanges,285,0.124679
JOBLightRanges,286,0.085127
JOBLightRanges,287,0.099153
JOBLightRanges,288,0.557545
JOBLightRanges,289,0.246315
JOBLightRanges,290,0.214586
JOBLightRanges,291,0.249485
JOBLightRanges,292,0.217830
JOBLightRanges,293,0.091516
JOBLightRanges,294,0.092034
JOBLightRanges,295,0.144953
JOBLightRanges,296,0.273933
JOBLightRanges,297,0.240805
JOBLightRanges,298,0.349064
JOBLightRanges,299,0.140102
JOBLightRanges,300,0.291545
JOBLightRanges,301,0.199656
JOBLightRanges,302,0.301826
JOBLightRanges,303,0.087362
JOBLightRanges,304,0.173729
JOBLightRanges,305,0.136857
JOBLightRanges,306,0.151111
JOBLightRanges,307,0.273190
JOBLightRanges,308,0.042439
JOBLightRanges,309,0.252237
JOBLightRanges,310,0.316849
JOBLightRanges,311,0.216567
JOBLightRanges,312,0.095129
JOBLightRanges,313,0.147461
JOBLightRanges,314,0.132385
JOBLightRanges,315,0.249756
JOBLightRanges,316,0.077814
JOBLightRanges,317,0.196468
JOBLightRanges,318,0.144171
JOBLightRanges,319,0.110781
JOBLightRanges,320,0.262440
JOBLightRanges,321,0.369899
JOBLightRanges,322,0.123928
JOBLightRanges,323,0.272289
JOBLightRanges,324,0.086769
JOBLightRanges,325,0.105680
JOBLightRanges,326,0.429943
JOBLightRanges,327,0.239721
JOBLightRanges,328,0.104148
JOBLightRanges,329,0.099416
JOBLightRanges,330,0.277808
JOBLightRanges,331,0.068890
JOBLightRanges,332,0.135339
JOBLightRanges,333,0.257459
JOBLightRanges,334,0.150206
JOBLightRanges,335,0.117057
JOBLightRanges,336,0.274816
JOBLightRanges,337,0.331419
JOBLightRanges,338,0.212777
JOBLightRanges,339,0.120322
JOBLightRanges,340,0.129641
JOBLightRanges,341,0.142830
JOBLightRanges,342,0.090652
JOBLightRanges,343,0.100349
JOBLightRanges,344,0.136289
JOBLightRanges,345,0.087114
JOBLightRanges,346,0.108947
JOBLightRanges,347,0.140090
JOBLightRanges,348,0.295461
JOBLightRanges,349,0.197216
JOBLightRanges,350,0.102450
JOBLightRanges,351,0.233499
JOBLightRanges,352,0.080098
JOBLightRanges,353,0.161657
JOBLightRanges,354,0.175502
JOBLightRanges,355,0.303469
JOBLightRanges,356,0.190932
JOBLightRanges,357,0.103292
JOBLightRanges,358,0.220584
JOBLightRanges,359,0.193002
JOBLightRanges,360,0.105044
JOBLightRanges,361,0.152094
JOBLightRanges,362,0.106827
JOBLightRanges,363,0.181371
JOBLightRanges,364,0.101226
JOBLightRanges,365,0.189780
JOBLightRanges,366,0.128799
JOBLightRanges,367,0.275748
JOBLightRanges,368,0.071248
JOBLightRanges,369,0.069479
JOBLightRanges,370,0.188992
JOBLightRanges,371,0.224957
JOBLightRanges,372,0.070207
JOBLightRanges,373,0.123015
JOBLightRanges,374,0.175815
JOBLightRanges,375,0.185665
JOBLightRanges,376,0.089120
JOBLightRanges,377,0.255253
JOBLightRanges,378,0.076461
JOBLightRanges,379,0.201091
JOBLightRanges,380,0.226683
JOBLightRanges,381,0.139533
JOBLightRanges,382,0.077877
JOBLightRanges,383,0.091859
JOBLightRanges,384,0.201967
JOBLightRanges,385,0.196072
JOBLightRanges,386,0.107716
JOBLightRanges,387,0.088252
JOBLightRanges,388,0.122900
JOBLightRanges,389,0.462747
JOBLightRanges,390,0.173341
JOBLightRanges,391,0.079747
JOBLightRanges,392,0.064786
JOBLightRanges,393,0.141842
JOBLightRanges,394,0.094786
JOBLightRanges,395,0.051853
JOBLightRanges,396,0.085548
JOBLightRanges,397,0.425198
JOBLightRanges,398,0.153160
JOBLightRanges,399,0.166473
JOBLightRanges,400,0.119370
JOBLightRanges,401,0.096625
JOBLightRanges,402,0.129624
JOBLightRanges,403,0.097618
JOBLightRanges,404,0.123707
JOBLightRanges,405,0.112397
JOBLightRanges,406,0.087879
JOBLightRanges,407,0.258904
JOBLightRanges,408,0.105941
JOBLightRanges,409,0.073136
JOBLightRanges,410,0.273312
JOBLightRanges,411,0.296454
JOBLightRanges,412,0.082097
JOBLightRanges,413,0.084846
JOBLightRanges,414,0.463989
JOBLightRanges,415,0.147558
JOBLightRanges,416,0.181179
JOBLightRanges,417,0.183435
JOBLightRanges,418,0.157561
JOBLightRanges,419,0.319428
JOBLightRanges,420,0.099446
JOBLightRanges,421,0.163468
JOBLightRanges,422,0.274048
JOBLightRanges,423,0.416062
JOBLightRanges,424,0.395569
JOBLightRanges,425,0.107979
JOBLightRanges,426,0.086511
JOBLightRanges,427,0.139014
JOBLightRanges,428,0.081743
JOBLightRanges,429,0.105793
JOBLightRanges,430,0.097733
JOBLightRanges,431,0.096186
JOBLightRanges,432,0.158264
JOBLightRanges,433,0.296124
JOBLightRanges,434,0.255170
JOBLightRanges,435,0.376755
JOBLightRanges,436,0.051785
JOBLightRanges,437,0.078707
JOBLightRanges,438,0.174395
JOBLightRanges,439,0.059581
JOBLightRanges,440,0.073670
JOBLightRanges,441,0.096228
JOBLightRanges,442,0.054804
JOBLightRanges,443,0.240646
JOBLightRanges,444,0.178981
JOBLightRanges,445,0.058745
JOBLightRanges,446,0.258383
JOBLightRanges,447,0.186735
JOBLightRanges,448,0.057666
JOBLightRanges,449,0.085600
JOBLightRanges,450,0.060311
JOBLightRanges,451,0.087529
JOBLightRanges,452,0.157889
JOBLightRanges,453,0.049004
JOBLightRanges,454,0.275773
JOBLightRanges,455,0.058209
JOBLightRanges,456,0.150317
JOBLightRanges,457,0.089545
JOBLightRanges,458,0.071204
JOBLightRanges,459,0.096823
JOBLightRanges,460,0.055471
JOBLightRanges,461,0.143082
JOBLightRanges,462,0.096704
JOBLightRanges,463,0.084138
JOBLightRanges,464,0.058336
JOBLightRanges,465,0.076544
JOBLightRanges,466,0.265419
JOBLightRanges,467,0.238439
JOBLightRanges,468,0.097636
JOBLightRanges,469,0.084544
JOBLightRanges,470,0.079674
JOBLightRanges,471,0.124825
JOBLightRanges,472,0.055404
JOBLightRanges,473,0.192426
JOBLightRanges,474,0.102205
JOBLightRanges,475,0.094851
JOBLightRanges,476,0.096283
JOBLightRanges,477,0.110899
JOBLightRanges,478,0.122547
JOBLightRanges,479,0.067911
JOBLightRanges,480,0.099415
JOBLightRanges,481,0.207714
JOBLightRanges,482,0.057505
JOBLightRanges,483,0.123286
JOBLightRanges,484,0.100341
JOBLightRanges,485,0.062377
JOBLightRanges,486,0.061733
JOBLightRanges,487,0.066355
JOBLightRanges,488,0.057790
JOBLightRanges,489,0.135130
JOBLightRanges,490,0.088846
JOBLightRanges,491,0.073908
JOBLightRanges,492,0.057775
JOBLightRanges,493,0.062927
JOBLightRanges,494,0.195544
JOBLightRanges,495,0.046558
JOBLightRanges,496,0.057946
JOBLightRanges,497,0.129495
JOBLightRanges,498,0.068362
JOBLightRanges,499,0.079372
JOBLightRanges,500,0.049957
JOBLightRanges,501,0.116379
JOBLightRanges,502,0.100734
JOBLightRanges,503,0.064294
JOBLightRanges,504,0.146618
JOBLightRanges,505,0.196046
JOBLightRanges,506,0.186929
JOBLightRanges,507,0.152983
JOBLightRanges,508,0.119860
JOBLightRanges,509,0.100291
JOBLightRanges,510,0.073704
JOBLightRanges,511,0.128791
JOBLightRanges,512,0.179339
JOBLightRanges,513,0.056749
JOBLightRanges,514,0.083172
JOBLightRanges,515,1.021435
JOBLightRanges,516,0.112643
JOBLightRanges,517,0.083970
JOBLightRanges,518,0.089290
JOBLightRanges,519,0.083112
JOBLightRanges,520,0.055095
JOBLightRanges,521,0.061455
JOBLightRanges,522,0.830170
JOBLightRanges,523,0.081083
JOBLightRanges,524,0.071592
JOBLightRanges,525,0.131262
JOBLightRanges,526,0.108009
JOBLightRanges,527,0.149349
JOBLightRanges,528,0.160831
JOBLightRanges,529,0.117244
JOBLightRanges,530,0.061547
JOBLightRanges,531,0.079593
JOBLightRanges,532,0.114208
JOBLightRanges,533,0.126100
JOBLightRanges,534,0.109567
JOBLightRanges,535,0.096538
JOBLightRanges,536,0.128049
JOBLightRanges,537,0.089788
JOBLightRanges,538,0.060182
JOBLightRanges,539,0.055008
JOBLightRanges,540,0.087451
JOBLightRanges,541,0.063381
JOBLightRanges,542,0.106579
JOBLightRanges,543,0.058358
JOBLightRanges,544,0.108458
JOBLightRanges,545,0.056056
JOBLightRanges,546,0.075239
JOBLightRanges,547,0.077880
JOBLightRanges,548,0.135456
JOBLightRanges,549,0.058834
JOBLightRanges,550,0.137833
JOBLightRanges,551,0.073508
JOBLightRanges,552,0.063185
JOBLightRanges,553,0.090136
JOBLightRanges,554,0.982362
JOBLightRanges,555,0.107044
JOBLightRanges,556,0.156746
JOBLightRanges,557,0.314294
JOBLightRanges,558,0.090063
JOBLightRanges,559,0.091570
JOBLightRanges,560,0.092976
JOBLightRanges,561,0.062864
JOBLightRanges,562,0.077995
JOBLightRanges,563,0.128037
JOBLightRanges,564,0.160707
JOBLightRanges,565,0.085825
JOBLightRanges,566,0.056919
JOBLightRanges,567,0.065423
JOBLightRanges,568,0.172926
JOBLightRanges,569,0.061884
JOBLightRanges,570,0.076842
JOBLightRanges,571,0.124914
JOBLightRanges,572,0.052993
JOBLightRanges,573,0.107470
JOBLightRanges,574,0.063768
JOBLightRanges,575,0.160415
JOBLightRanges,576,0.107543
JOBLightRanges,577,0.065501
JOBLightRanges,578,0.094213
JOBLightRanges,579,0.135158
JOBLightRanges,580,0.077281
JOBLightRanges,581,0.046970
JOBLightRanges,582,0.055254
JOBLightRanges,583,0.073177
JOBLightRanges,584,0.057339
JOBLightRanges,585,0.073503
JOBLightRanges,586,0.093947
JOBLightRanges,587,0.281260
JOBLightRanges,588,0.083768
JOBLightRanges,589,0.149346
JOBLightRanges,590,0.256488
JOBLightRanges,591,0.156531
JOBLightRanges,592,0.089350
JOBLightRanges,593,0.065228
JOBLightRanges,594,0.216749
JOBLightRanges,595,0.164894
JOBLightRanges,596,0.064925
JOBLightRanges,597,0.216492
JOBLightRanges,598,0.054603
JOBLightRanges,599,0.104467
JOBLightRanges,600,0.085889
JOBLightRanges,601,0.126361
JOBLightRanges,602,0.055225
JOBLightRanges,603,0.224258
JOBLightRanges,604,0.067464
JOBLightRanges,605,0.202978
JOBLightRanges,606,0.098223
JOBLightRanges,607,0.371086
JOBLightRanges,608,1.715069
JOBLightRanges,609,0.077353
JOBLightRanges,610,0.113370
JOBLightRanges,611,0.176127
JOBLightRanges,612,0.075546
JOBLightRanges,613,0.260309
JOBLightRanges,614,0.093162
JOBLightRanges,615,0.429722
JOBLightRanges,616,0.463224
JOBLightRanges,617,0.079571
JOBLightRanges,618,0.124046
JOBLightRanges,619,0.206388
JOBLightRanges,620,0.155713
JOBLightRanges,621,0.126276
JOBLightRanges,622,0.340391
JOBLightRanges,623,0.264611
JOBLightRanges,624,0.115836
JOBLightRanges,625,0.080288
JOBLightRanges,626,0.115514
JOBLightRanges,627,0.283481
JOBLightRanges,628,0.144401
JOBLightRanges,629,0.082827
JOBLightRanges,630,0.177371
JOBLightRanges,631,0.099060
JOBLightRanges,632,0.225341
JOBLightRanges,633,0.158538
JOBLightRanges,634,0.223738
JOBLightRanges,635,0.382954
JOBLightRanges,636,1.439499
JOBLightRanges,637,0.079378
JOBLightRanges,638,0.279356
JOBLightRanges,639,0.123784
JOBLightRanges,640,1.007709
JOBLightRanges,641,0.274818
JOBLightRanges,642,0.134799
JOBLightRanges,643,0.167989
JOBLightRanges,644,0.223540
JOBLightRanges,645,0.238526
JOBLightRanges,646,0.233763
JOBLightRanges,647,0.103812
JOBLightRanges,648,0.099636
JOBLightRanges,649,0.264806
JOBLightRanges,650,0.095601
JOBLightRanges,651,0.085126
JOBLightRanges,652,0.151503
JOBLightRanges,653,0.279893
JOBLightRanges,654,0.078779
JOBLightRanges,655,0.096407
JOBLightRanges,656,0.177706
JOBLightRanges,657,0.214839
JOBLightRanges,658,0.180050
JOBLightRanges,659,0.079738
JOBLightRanges,660,0.097679
JOBLightRanges,661,0.260237
JOBLightRanges,662,0.271648
JOBLightRanges,663,0.314263
JOBLightRanges,664,0.437565
JOBLightRanges,665,0.549971
JOBLightRanges,666,0.127413
JOBLightRanges,667,0.431406
JOBLightRanges,668,0.348336
JOBLightRanges,669,0.217694
JOBLightRanges,670,0.141572
JOBLightRanges,671,0.190961
JOBLightRanges,672,0.075828
JOBLightRanges,673,0.322393
JOBLightRanges,674,0.238402
JOBLightRanges,675,0.279559
JOBLightRanges,676,0.277635
JOBLightRanges,677,0.084347
JOBLightRanges,678,0.173823
JOBLightRanges,679,0.592141
JOBLightRanges,680,0.205358
JOBLightRanges,681,0.184320
JOBLightRanges,682,0.352246
JOBLightRanges,683,0.803619
JOBLightRanges,684,0.247617
JOBLightRanges,685,0.337167
JOBLightRanges,686,0.327771
JOBLightRanges,687,0.159535
JOBLightRanges,688,0.115145
JOBLightRanges,689,0.249582
JOBLightRanges,690,0.213470
JOBLightRanges,691,0.157006
JOBLightRanges,692,0.322349
JOBLightRanges,693,0.188046
JOBLightRanges,694,0.143155
JOBLightRanges,695,0.370292
JOBLightRanges,696,0.223654
JOBLightRanges,697,0.321496
JOBLightRanges,698,0.231299
JOBLightRanges,699,0.347217
JOBLightRanges,700,0.156273
JOBLightRanges,701,0.102093
JOBLightRanges,702,0.371068
JOBLightRanges,703,0.236212
JOBLightRanges,704,0.260895
JOBLightRanges,705,0.241034
JOBLightRanges,706,1.054493
JOBLightRanges,707,0.127180
JOBLightRanges,708,0.234014
JOBLightRanges,709,0.177548
JOBLightRanges,710,0.385019
JOBLightRanges,711,0.080666
JOBLightRanges,712,0.221765
JOBLightRanges,713,0.633495
JOBLightRanges,714,0.094326
JOBLightRanges,715,0.300153
JOBLightRanges,716,1.327650
JOBLightRanges,717,0.142532
JOBLightRanges,718,0.434419
JOBLightRanges,719,0.128001
JOBLightRanges,720,1.451791
JOBLightRanges,721,0.119812
JOBLightRanges,722,0.103623
JOBLightRanges,723,0.081888
JOBLightRanges,724,1.816233
JOBLightRanges,725,1.010020
JOBLightRanges,726,0.114205
JOBLightRanges,727,0.585325
JOBLightRanges,728,0.514019
JOBLightRanges,729,0.237598
JOBLightRanges,730,0.564513
JOBLightRanges,731,0.132671
JOBLightRanges,732,0.076619
JOBLightRanges,733,1.626838
JOBLightRanges,734,1.194777
JOBLightRanges,735,0.408210
JOBLightRanges,736,0.313907
JOBLightRanges,737,0.275560
JOBLightRanges,738,0.657249
JOBLightRanges,739,1.474199
JOBLightRanges,740,0.305407
JOBLightRanges,741,0.241768
JOBLightRanges,742,0.358996
JOBLightRanges,743,2.844438
JOBLightRanges,744,0.203461
JOBLightRanges,745,17.030641
JOBLightRanges,746,0.407660
JOBLightRanges,747,0.700594
JOBLightRanges,748,0.343710
JOBLightRanges,749,0.205562
JOBLightRanges,750,0.193005
JOBLightRanges,751,0.703342
JOBLightRanges,752,0.344118
JOBLightRanges,753,0.361680
JOBLightRanges,754,0.185497
JOBLightRanges,755,0.212866
JOBLightRanges,756,0.356086
JOBLightRanges,757,0.295274
JOBLightRanges,758,0.536206
JOBLightRanges,759,0.099304
JOBLightRanges,760,0.197443
JOBLightRanges,761,0.614504
JOBLightRanges,762,1.220839
JOBLightRanges,763,0.217330
JOBLightRanges,764,0.088208
JOBLightRanges,765,0.153105
JOBLightRanges,766,0.260877
JOBLightRanges,767,0.556190
JOBLightRanges,768,7.723501
JOBLightRanges,769,0.129863
JOBLightRanges,770,0.129589
JOBLightRanges,771,8.479866
JOBLightRanges,772,0.100102
JOBLightRanges,773,0.069624
JOBLightRanges,774,0.467762
JOBLightRanges,775,0.066138
JOBLightRanges,776,0.065058
JOBLightRanges,777,0.112349
JOBLightRanges,778,8.086817
JOBLightRanges,779,0.526335
JOBLightRanges,780,0.137129
JOBLightRanges,781,0.091498
JOBLightRanges,782,0.110937
JOBLightRanges,783,0.066396
JOBLightRanges,784,0.099055
JOBLightRanges,785,0.087022
JOBLightRanges,786,0.879716
JOBLightRanges,787,0.111096
JOBLightRanges,788,0.102377
JOBLightRanges,789,3.543123
JOBLightRanges,790,0.646508
JOBLightRanges,791,0.169804
JOBLightRanges,792,0.210598
JOBLightRanges,793,0.067762
JOBLightRanges,794,0.088493
JOBLightRanges,795,0.177586
JOBLightRanges,796,0.166259
JOBLightRanges,797,0.131798
JOBLightRanges,798,0.085035
JOBLightRanges,799,0.065078
JOBLightRanges,800,1.749997
JOBLightRanges,801,0.203843
JOBLightRanges,802,1.142867
JOBLightRanges,803,0.066449
JOBLightRanges,804,0.090348
JOBLightRanges,805,33.106145
JOBLightRanges,806,0.961770
JOBLightRanges,807,0.205393
JOBLightRanges,808,0.167419
JOBLightRanges,809,0.047068
JOBLightRanges,810,0.057955
JOBLightRanges,811,0.079395
JOBLightRanges,812,0.213567
JOBLightRanges,813,0.140522
JOBLightRanges,814,0.089575
JOBLightRanges,815,0.245159
JOBLightRanges,816,0.096385
JOBLightRanges,817,0.105315
JOBLightRanges,818,0.098294
JOBLightRanges,819,0.142166
JOBLightRanges,820,2.269719
JOBLightRanges,821,0.067100
JOBLightRanges,822,0.118146
JOBLightRanges,823,0.809674
JOBLightRanges,824,0.057786
JOBLightRanges,825,0.150113
JOBLightRanges,826,0.109501
JOBLightRanges,827,0.309952
JOBLightRanges,828,127.059006
JOBLightRanges,829,10.725018
JOBLightRanges,830,8.981153
JOBLightRanges,831,0.532436
JOBLightRanges,832,7.847466
JOBLightRanges,833,0.198576
JOBLightRanges,834,0.517396
JOBLightRanges,835,11.814453
JOBLightRanges,836,0.820603
JOBLightRanges,837,74.106779
JOBLightRanges,838,0.286628
JOBLightRanges,839,0.223832
JOBLightRanges,840,0.271476
JOBLightRanges,841,0.191791
JOBLightRanges,842,0.145124
JOBLightRanges,843,0.181475
JOBLightRanges,844,0.123841
JOBLightRanges,845,82.938983
JOBLightRanges,846,1.055554
JOBLightRanges,847,0.370768
JOBLightRanges,848,12.707751
JOBLightRanges,849,0.500535
JOBLightRanges,850,0.081128
JOBLightRanges,851,0.068584
JOBLightRanges,852,0.110374
JOBLightRanges,853,0.109651
JOBLightRanges,854,120.580971
JOBLightRanges,855,0.761467
JOBLightRanges,856,0.244687
JOBLightRanges,857,0.222588
JOBLightRanges,858,0.136480
JOBLightRanges,859,0.255122
JOBLightRanges,860,0.405973
JOBLightRanges,861,0.373421
JOBLightRanges,862,0.122944
JOBLightRanges,863,0.535506
JOBLightRanges,864,0.113160
JOBLightRanges,865,0.274093
JOBLightRanges,866,0.066770
JOBLightRanges,867,0.251683
JOBLightRanges,868,0.252144
JOBLightRanges,869,0.241246
JOBLightRanges,870,0.121963
JOBLightRanges,871,0.267403
JOBLightRanges,872,31.664501
JOBLightRanges,873,0.106199
JOBLightRanges,874,0.432809
JOBLightRanges,875,0.220845
JOBLightRanges,876,0.236862
JOBLightRanges,877,0.266338
JOBLightRanges,878,0.176468
JOBLightRanges,879,3.391164
JOBLightRanges,880,22.204416
JOBLightRanges,881,0.110998
JOBLightRanges,882,0.265975
JOBLightRanges,883,0.205976
JOBLightRanges,884,0.163275
JOBLightRanges,885,0.147386
JOBLightRanges,886,0.266027
JOBLightRanges,887,0.340881
JOBLightRanges,888,0.110316
JOBLightRanges,889,0.364309
JOBLightRanges,890,0.138151
JOBLightRanges,891,0.365573
JOBLightRanges,892,0.124697
JOBLightRanges,893,0.105645
JOBLightRanges,894,0.372667
JOBLightRanges,895,0.272159
JOBLightRanges,896,0.295006
JOBLightRanges,897,4.297800
JOBLightRanges,898,0.205927
JOBLightRanges,899,0.169912
JOBLightRanges,900,0.152074
JOBLightRanges,901,0.285615
JOBLightRanges,902,0.218656
JOBLightRanges,903,0.324634
JOBLightRanges,904,0.254764
JOBLightRanges,905,0.158090
JOBLightRanges,906,0.126472
JOBLightRanges,907,0.167144
JOBLightRanges,908,0.377009
JOBLightRanges,909,0.084181
JOBLightRanges,910,2.173620
JOBLightRanges,911,0.147390
JOBLightRanges,912,0.092214
JOBLightRanges,913,3.313170
JOBLightRanges,914,0.231088
JOBLightRanges,915,0.512780
JOBLightRanges,916,8.961365
JOBLightRanges,917,0.105043
JOBLightRanges,918,0.227807
JOBLightRanges,919,0.111510
JOBLightRanges,920,0.147006
JOBLightRanges,921,0.099406
JOBLightRanges,922,0.084455
JOBLightRanges,923,0.233741
JOBLightRanges,924,0.105108
JOBLightRanges,925,0.361244
JOBLightRanges,926,0.368087
JOBLightRanges,927,0.225252
JOBLightRanges,928,0.092746
JOBLightRanges,929,0.208807
JOBLightRanges,930,0.252100
JOBLightRanges,931,0.132311
JOBLightRanges,932,0.170915
JOBLightRanges,933,0.208913
JOBLightRanges,934,0.084904
JOBLightRanges,935,0.124550
JOBLightRanges,936,0.156998
JOBLightRanges,937,0.108761
JOBLightRanges,938,0.265201
JOBLightRanges,939,0.250672
JOBLightRanges,940,0.168754
JOBLightRanges,941,0.325749
JOBLightRanges,942,0.098380
JOBLightRanges,943,0.161609
JOBLightRanges,944,0.109966
JOBLightRanges,945,0.183741
JOBLightRanges,946,0.254962
JOBLightRanges,947,0.146252
JOBLightRanges,948,0.124084
JOBLightRanges,949,0.219592
JOBLightRanges,950,0.128297
JOBLightRanges,951,0.247661
JOBLightRanges,952,0.118614
JOBLightRanges,953,0.283808
JOBLightRanges,954,0.102029
JOBLightRanges,955,0.250568
JOBLightRanges,956,0.947503
JOBLightRanges,957,0.146019
JOBLightRanges,958,0.160732
JOBLightRanges,959,0.091106
JOBLightRanges,960,0.219353
JOBLightRanges,961,0.104693
JOBLightRanges,962,0.052742
JOBLightRanges,963,0.165177
JOBLightRanges,964,0.275999
JOBLightRanges,965,0.188519
JOBLightRanges,966,0.274327
JOBLightRanges,967,0.274652
JOBLightRanges,968,0.223836
JOBLightRanges,969,0.123757
JOBLightRanges,970,0.240283
JOBLightRanges,971,0.090098
JOBLightRanges,972,0.243180
JOBLightRanges,973,0.139152
JOBLightRanges,974,0.096640
JOBLightRanges,975,0.284550
JOBLightRanges,976,0.168283
JOBLightRanges,977,0.200908
JOBLightRanges,978,0.093948
JOBLightRanges,979,0.070159
JOBLightRanges,980,0.217031
JOBLightRanges,981,0.108698
JOBLightRanges,982,0.237469
JOBLightRanges,983,0.245562
JOBLightRanges,984,0.288858
JOBLightRanges,985,0.078525
JOBLightRanges,986,0.135666
JOBLightRanges,987,0.259702
JOBLightRanges,988,0.087716
JOBLightRanges,989,0.106333
JOBLightRanges,990,0.074891
JOBLightRanges,991,0.093067
